[{
	"title": "Pexels",
	"description": "FernandoArcos",
	"image": "watch1.jpg",
	"cat": "Watches",
	"price": "12000",
	"quantity":5

}, {
	"title": "TommyHilfiger",
	"description": "MensTommyHilfigerWatch1791421",
	"image": "watch2.jpg",
	"cat": "Watches",
	"price": "15000",
	"quantity":5

}, {
	"title": "Technos",
	"description": "TheBestAffordableWatchBrandsForMen",
	"image": "watch3.jpg",
	"cat": "Watches",
	"price": "3000",
	"quantity":5
}, {
	"title": "Shinola",
	"description": "TheShinolaMonsterAutomaticDiveWatchWorks",
	"image": "watch4.jpg",
	"cat": "Watches",
	"price": "5000",
	"quantity":5
}, {
	"title": "Fastrack",
	"description": "FastrackMen'sWatch",
	"image": "watch5.jpeg",
	"cat": "Watches",
	"price": "4500",
	"quantity":5
}, {
	"title": "Ressence",
	"description": "RessenceType3BBBlackBlack-oilFilledwatch",
	"image": "watch6.jpg",
	"cat": "Watches",
	"price": "1800",
	"quantity":5
}, {
	"title": "Heelys",
	"description": "Blacksize7",
	"image": "shoe1.jpg",
	"cat": "shoes",
	"price": "750",
	"quantity":5
},{
	"title": "Volley",
	"description": "Whitesize8",
	"image": "shoe2.jpg",
	"cat": "shoes",
	"price": "800",
	"quantity":5
},{
	"title": "Reef",
	"description": "CaptainPVCGumbootssize6",
	"image": "shoe3.jpg",
	"cat": "shoes",
	"price": "1050",
	"quantity":5
}, {
	"title": "PFFlyers",
	"description": "ALLAMERICANHIMONOsize7",
	"image": "shoe4.jpg",
	"cat": "shoes",
	"price": "1500",
	"quantity":5
}, {
	"title": "Reebok",
	"description": "TREADMAXLPSneakersForMen(Blue)",
	"image": "shoe5.jpeg",
	"cat": "shoes",
	"price": "4000",
	"quantity":5
}, {
	"title": "ThomMcAn",
	"description": "ThomMcAnMen'sKoltrainBrownOxfordShoe",
	"image": "shoe6.jpg",
	"cat": "shoes",
	"price": "4500",
	"quantity":5
}, {
	"title": "Lenovo",
	"description": "deapad310_15___whiteimr_05_multitaskingsnap",
	"image": "laptop1.jpg",
	"cat": "laptops",
	"price": "45000",
	"quantity":5
}, {
	"title": "Apple",
	"description": "Apple-laptop-blue",
	"image": "laptop2.jpg",
	"cat": "laptops",
	"price": "60000",
	"quantity":5
}, {
	"title": "Asus",
	"description": "ASUSA53U15.6LaptopHD,AMDE-350,6GBRAM,750GBHDD,Windows7Home",
	"image": "laptop3.jpg",
	"cat": "laptops",
	"price": "35000",
	"quantity":5
}, {
	"title": "Acer",
	"description": "AcerupdatesPredator17X,AspireVNitrowithnewIntelprocessorsatCES2017",
	"image": "laptop4.jpg",
	"cat": "laptops",
	"price": "45999",
	"quantity":5
}, {
	"title": "Dell",
	"description": "DellXPS13Corei58thGen",
	"image": "laptop5.jpg",
	"cat": "laptops",
	"price": "96000",
	"quantity":5
}, {
	"title": "RazerInc.",
	"description": "PerformanceRazerBlade",
	"image": "laptop6.jpg",
	"cat": "laptops",
	"price": "58000",
	"quantity":5
}, {
	"title": "SamsungGalaxyJ6SmartPhone64GB,4GBRAM,Blue",
	"price": "30000",
	"quantity":5,
	"description": "SuperAMOLEDDisplaywith1480x720(HD+)Resolution",
	"image": "1.jpeg",
	"cat": "Watches"
}, {
	"title": "MiA24GB+64GB|6GB+128GB",
	"price": "20000",
	"quantity":5,
	"description": "15.2cm(5.99)largedisplay",
	"image": "2.jpeg",
	"cat": "Watches"
}, {
	"title": "Appleiphone32GB",
	"price": "16000",
	"quantity":5,
	"description": "11.4cm(4.7)display",
	"image": "3.jpeg"
}, {
	"title": "redminote6pro",
	"price": "19000",
	"quantity":5,
	"description": "15.9cm(6.26inch)FHD+DisplaywithResolution",
	"image": "4.jpeg"
}, {
	"title": "MenSolidPartyShirt",
	"price": "600",
	"description": "Forthebestfit,buyonesizesmallerthanyourusualsize.",
	"image": "shirt1.jpg",
	"cat": "Watches",
	"quantity":5
}, {
	"title": "SolidMen'sHoodedBlackT-Shirt",
	"price": "500",
	"description": "Forthebestfit,buyonesizelargerthanyourusualsize.",
	"image": "shirt2.jpg",
	"quantity":5
}, {
	"title": "SolidMenRoundNeckWhiteT-Shirt",
	"price": "450",
	"description": "Bestpurchase,goodquality,goodfit.",
	"image": "shirt3.jpg",
	"quantity":5	
}, {
	"title": "CheckeredMen'sBoatNeckRedT-Shirt",
	"price": "440",
	"description": "Forthebestfit,buyonesizesmallerthanyourusualsize.",
	"image": "shirt4.jpg",
	"quantity":5
}, {
	"title": "ME&YOUSoftToyGiftSet",
	"price": "440",
	"description": "SoftToyForGirls,WomenBirthdayPackof3",
	"image": "gift1.jpg",
	"cat": "Watches",
	"quantity":5
}, {
	"title": "billionBAG|24kGoldenRoseArtificialFlowerGiftSet",
	"price": "249",

	"description": "1GoldenRose,1CardboardBox.",
	"image": "gift2.jpg",
	"quantity":5
}, {
	"title": "IndigiftsCushion,GreetingCard,MugGiftSet",
	"price": "300",
	"description": "Cushion,GreetingCard,Mug",
	"image": "gift3.jpg",
	"cat": "Watches",
	"quantity":5
}, {
	"title": "SmartBuyCorporateGiftSet,1Designer,1StylishKeyChain",
	"price": "600",
	"description": "3-in-one,APremiumandStylishMetalBallPenwithGermanInkTechnology,PremiumandDesignerVisitingCardHolderandAPremiumMetalKeyChain",
	"image": "gift4.jpg",
	"cat": "Watches",
	"quantity":5
}]